"Name","Category","CanonicalUrl","LocalClonePath","RelativePath","UpstreamBranch","CommitSha","ShortSha","LastCommitDate","LastCommitAuthor","LastCommitSubject","Classification","AdvertisedCVE","TargetDevices","TargetSoCs","TargetAndroidVersions","TargetKernelVersions","BootloaderRequirement","PersistenceMechanism","TestingEvidence","CloneStatus","WorkingTreeDirty","HasSubmodules","SubmoduleCount","HasLFS","IdentifiedIssues"
"ghostlock-emerald","device-specific-projects","https://github.com/datfooldive/ghostlock-emerald","C:\Users\Admin\Videos\Github\Speed Lock\repositories\device-specific-projects\ghostlock-emerald","repositories\device-specific-projects\ghostlock-emerald","main","ebb355d302629a034d0959e5e579496559e8f84e","ebb355d","2026-07-31T22:31:46+07:00","datfooldive <datfooldive@gmail.com>","initial commit","Device-Specific Port","CVE-2026-43499","POCO M6 Pro (emerald)","MediaTek Helio G99 Ultra","Xiaomi HyperOS (Android 14)","5.10 / 5.15","Locked Bootloader","Per-boot runtime root","Extracted kernel offsets for POCO M6 Pro HyperOS builds","Cloned (Verified)","False","False","0","False","Physical validation on latest HyperOS patch level unverified"
"GhostLock-Galaxy","device-specific-projects","https://github.com/wxxsfxyzm/GhostLock-Galaxy","C:\Users\Admin\Videos\Github\Speed Lock\repositories\device-specific-projects\GhostLock-Galaxy","repositories\device-specific-projects\GhostLock-Galaxy","main","f42c0cb5a3a1a3fff8a5b9289dce62e6d5293ea7","f42c0cb","2026-10-05T22:18:53+08:00","wxxsfxyzm <65166044+wxxsfxyzm@users.noreply.github.com>","Update new offset","Device-Specific Port","CVE-2026-43499","Samsung Galaxy S24, S23, A55, Z Fold/Flip series","Qualcomm Snapdragon 8 Gen 3, Exynos 2400/1480","OneUI 6.1 / OneUI 7 (Android 14/15)","6.1, 6.6","Locked Bootloader","Per-boot runtime root","Maintainer commit log updates kernel struct offsets for recent OneUI builds","Cloned (Verified)","False","False","0","False","Offsets require manual recalibration per firmware build"
"ghostlock-oneplus","device-specific-projects","https://github.com/JoinChang/ghostlock-oneplus","C:\Users\Admin\Videos\Github\Speed Lock\repositories\device-specific-projects\ghostlock-oneplus","repositories\device-specific-projects\ghostlock-oneplus","main","9b2a7ba61cc2afe0f5652af2f317b62eec68356a","9b2a7ba","2026-09-17T13:30:57+08:00","Lxns <joinchang1206@gmail.com>","docs: update README with new devices and ColorOS 17 analysis","Device-Specific Port","CVE-2026-43499","OnePlus 12, OnePlus Open, OnePlus Ace 3 / Pro, OnePlus 11","Qualcomm Snapdragon 8 Gen 2 / 8 Gen 3","ColorOS / OxygenOS 14, 15, 16","6.1, 6.6","Locked Bootloader","Per-boot runtime root via UMH / ksud injection","Documented device profiles; ColorOS 17 security analysis notes","Cloned (Verified)","False","False","0","False","Some recent ColorOS builds pending physical device validation"
"GhostSam","device-specific-projects","https://github.com/snothin/GhostSam","C:\Users\Admin\Videos\Github\Speed Lock\repositories\device-specific-projects\GhostSam","repositories\device-specific-projects\GhostSam","main","818faef4a278353a22c3481a01a6eaedf8088a3d","818faef","2026-10-06T14:06:32+08:00","nothin <snothinaut@gmail.com>","≡ƒÄë Release v0.2.3","Device-Specific Port / Multichain","CVE-2026-43499, CVE-2026-43284","Samsung Galaxy Exynos & Snapdragon models","Exynos 1380, 1480, 2200, 2400; Snapdragon 8 Gen 2/3","OneUI 6.0, 6.1, 7.0","5.15, 6.1, 6.6","Locked Bootloader","Dual chain: Ghostlock per-boot root or DirtyFrag KMI late-load","Release v0.2.3 notes with device compatibility matrix","Cloned (Verified)","False","False","0","False","None"
"IonStack-S22U","device-specific-projects","https://github.com/sarabpal-dev/IonStack-S22U","C:\Users\Admin\Videos\Github\Speed Lock\repositories\device-specific-projects\IonStack-S22U","repositories\device-specific-projects\IonStack-S22U","main","fad1773b3432b762fc84dd85e9306db932c5926e","fad1773","2026-10-04T15:03:28-07:00","Sarab <72656344+sarabpal-dev@users.noreply.github.com>","Merge pull request #65 from thaerdr/add-s22u-target-S908BXXSOGZH3","Device-Specific Port","CVE-2026-43499","Samsung Galaxy S22+ (SM-S906E, g0q)","Snapdragon 8 Gen 1 (taro / SM8450)","Android 12 GKI / Android 16 baseband (S906EXXSEGZE3)","5.10.236-android12-9-31998796-abS906EXXSEGZE3","Locked Bootloader (Runtime root)","Per-boot runtime root via in-process pselect stamp & forged work_struct UMH","Verified on physical SM-S906E hardware (1/16 attempts); target_generator included","Cloned (Verified)","False","False","0","False","Requires custom target.h generated from kernel Image"
"iQOO-Z9_5G-vivo-T3_5G-Root-GhostLock","device-specific-projects","https://github.com/ankitrawatgit/iQOO-Z9_5G-vivo-T3_5G-Root-GhostLock","C:\Users\Admin\Videos\Github\Speed Lock\repositories\device-specific-projects\iQOO-Z9_5G-vivo-T3_5G-Root-GhostLock","repositories\device-specific-projects\iQOO-Z9_5G-vivo-T3_5G-Root-GhostLock","main","303e954b2b011d3b77c3d112b4301fb2e04dafff","303e954","2026-09-07T20:18:42+05:30","Ankit Rawat <anrwt9389@gmail.com>","Disabled default adb shell root access","Device-Specific Port","CVE-2026-43499","iQOO Z9 5G, vivo T3 5G","MediaTek Dimensity 7200","Funtouch OS 14 (Android 14)","5.15","Locked Bootloader","Per-boot root; Shizuku APK launcher","Maintainer demo and documentation for Funtouch OS 14","Cloned (Verified)","False","False","0","False","Disabled default adb root access in latest commit to prevent security lockout"
"meizu21-ghostlock-root","device-specific-projects","https://github.com/ymh001/meizu21-ghostlock-root","C:\Users\Admin\Videos\Github\Speed Lock\repositories\device-specific-projects\meizu21-ghostlock-root","repositories\device-specific-projects\meizu21-ghostlock-root","main","b02925c93b4a3afe9242d7e7ce1a10af69a74178","b02925c","2026-09-14T23:57:09+08:00","ymh001 <ymh001@users.noreply.github.com>","Add MEIZU 21 GhostLock root bootstrap","Device-Specific Port","CVE-2026-43499","Meizu 21, Meizu 21 Pro","Snapdragon 8 Gen 3","Flyme 10.5 (Android 14)","6.1","Locked Bootloader","Per-boot runtime root","Flyme 10.5 kernel offsets and bootstrap shell script provided","Cloned (Verified)","False","False","0","False","None"
"oppo-ghostlock","device-specific-projects","https://github.com/pubglite55/oppo-ghostlock","C:\Users\Admin\Videos\Github\Speed Lock\repositories\device-specific-projects\oppo-ghostlock","repositories\device-specific-projects\oppo-ghostlock","main","6db06a4b73853062b4b97df905e79a963b78ffa2","6db06a4","2026-09-08T23:56:53+08:00","xiuxiu391 <101575060+pubglite55@users.noreply.github.com>","Merge pull request #22 from whhyy7335/main","Device-Specific Port","CVE-2026-43499","OPPO Find X7, Reno 11/12 series","MediaTek Dimensity 9300, Dimensity 8200","ColorOS 14 (Android 14)","5.15, 6.1","Locked Bootloader","Per-boot runtime root","Community pull requests with confirmed offset tables","Cloned (Verified)","False","False","0","False","None"
"pixel-ksu-root","device-specific-projects","https://github.com/JingMatrix/pixel-ksu-root","C:\Users\Admin\Videos\Github\Speed Lock\repositories\device-specific-projects\pixel-ksu-root","repositories\device-specific-projects\pixel-ksu-root","main","65762e75248d99c07eaf4e518e2b928e279411bd","65762e7","2026-10-05T23:57:18+02:00","JingMatrix <jingmatrix@gmail.com>","GhostLock support for Samsung A52s","Device-Specific Port","CVE-2026-43499","Google Pixel 7/8/9 series, Samsung Galaxy A52s","Google Tensor, Snapdragon 778G","Android 14, 15","5.10, 5.15, 6.1","Stock Locked Bootloader","Runtime KernelSU memory loader","Live device logs and Samsung A52s support verified in commit history","Cloned (Verified)","False","False","0","False","None"
"QuestStack","device-specific-projects","https://github.com/starseed12345/QuestStack","C:\Users\Admin\Videos\Github\Speed Lock\repositories\device-specific-projects\QuestStack","repositories\device-specific-projects\QuestStack","main","7f943f867067e8ef575ec91b8554c4cb08fa83ac","7f943f8","2026-08-28T14:08:00+02:00","Starseed <99209515+starseed12345@users.noreply.github.com>","Update README.md","Toolkit / Application","CVE-2026-43499, CVE-2021-1931","Meta Quest 1, Meta Quest 2","Snapdragon 835, Snapdragon XR2 Gen 1","Meta Horizon OS","4.4, 4.19, 5.4","Locked to Unlocked (exploits fastboot CVE-2021-1931 from temporary root)","Permanent bootloader unlock + persistent root","Public desktop GUI application released for Win/Mac/Linux; verified on firmware 49845030443200410","Cloned (Verified)","False","False","0","False","Quest Pro unsupported"
"Root-My-Device","device-specific-projects","https://github.com/tqmane/Root-My-Device","C:\Users\Admin\Videos\Github\Speed Lock\repositories\device-specific-projects\Root-My-Device","repositories\device-specific-projects\Root-My-Device","main","0aac524e0ee50647d6f924bb8ae38ed8098142d2","0aac524","2026-09-22T23:58:47+09:00","tqmane <nomu78@iwink.jp>","Document support for Nothing Phone (3a) Android 17 build","Original Project (Multi-OEM)","CVE-2026-43499, KernelSU hooks","Nothing Phone (1, 2, 2a, 3a), Xiaomi, OnePlus, Motorola","Qualcomm, MediaTek","Android 14, 15, 17","5.10, 5.15, 6.1, 6.6","Locked bootloader jailbreak","Integrated KernelSU submodule injection","Documented builds for Nothing Phone (3a) Android 17 build","Cloned (Verified)","False","True","2","False","Submodules KernelSU & Root-My-Device-KSU initialized"
"Root-My-Device-Payloads","device-specific-projects","https://github.com/WitAqua-tools/Root-My-Device-Payloads","C:\Users\Admin\Videos\Github\Speed Lock\repositories\device-specific-projects\Root-My-Device-Payloads","repositories\device-specific-projects\Root-My-Device-Payloads","main","6099967b2f75c120ffa14b42876c3945db57ad70","6099967","2026-08-29T09:36:43+09:00","soralis0912 <soralis.nem@gmail.com>","Merge pull request #18 from soralis0912/ksu/32601-quest3-module","Companion Payload Repository (Fork)","CVE-2026-43499","Multi-device (Nothing, Xiaomi, Meta Quest 3)","Snapdragon XR2 Gen 2, Qualcomm SM series","Android 12 through Android 15","5.10, 5.15, 6.1","Locked / Unlocked","Precompiled KernelSU payloads","Meta Quest 3 KSU payload PR merged","Cloned (Verified)","False","True","2","False","Submodules KernelSU & Root-My-Device-KSU initialized"
"Root-My-Device-techtornados","device-specific-projects","https://github.com/techtornados/Root-My-Device","C:\Users\Admin\Videos\Github\Speed Lock\repositories\device-specific-projects\Root-My-Device-techtornados","repositories\device-specific-projects\Root-My-Device-techtornados","main","4208d4dded885d4c9c63f92cd8b485587e5b50ba","4208d4d","2026-09-04T15:11:09+02:00","techtornados <b8548d4nkd@privaterelay.appleid.com>","Update README to reflect supported devices","Fork / Derivative Port","CVE-2026-43499","Nothing Phone (3a) [Asteroids / A059]","MediaTek Dimensity 7200 Pro","Nothing OS (Android 16 / SDK 36)","6.1.157-android14-11-g82d681c9b06b-ab14634535","Locked Bootloader","Per-boot runtime root + KernelSU 32525 late-load","Maintainer device-verified on build B4.1-260618-1048","Cloned (Verified)","False","True","2","False","Fork isolates Nothing Phone (3a) from multi-device root"
"Root-My-Galaxy","device-specific-projects","https://github.com/BuSung-dev/Root-My-Galaxy","C:\Users\Admin\Videos\Github\Speed Lock\repositories\device-specific-projects\Root-My-Galaxy","repositories\device-specific-projects\Root-My-Galaxy","main","23adf39fcd4f1be4e73184ee960a6d5399baf147","23adf39","2026-09-03T12:21:41+09:00","BuSung <kikim77777@gmail.com>","Merge pull request #567 from aaronthetechie1/main","Original Project (Toolkit)","CVE-2026-43499, CVE-2024-36971, Unspecified","Samsung Galaxy series (S21 through S25, A series)","Exynos & Snapdragon","Android 12 through Android 15","5.10, 5.15, 6.1","Locked / Unlocked supported","Automated AP/boot patching or runtime payload execution","Active maintainer with 560+ merged pull requests across device builds","Cloned (Verified)","False","False","0","False","None"
"Root-My-Galaxy-Payloads","device-specific-projects","https://github.com/BuSung-dev/Root-My-Galaxy-Payloads","C:\Users\Admin\Videos\Github\Speed Lock\repositories\device-specific-projects\Root-My-Galaxy-Payloads","repositories\device-specific-projects\Root-My-Galaxy-Payloads","main","6e3223e689688540060ddd97a0927e927bfed207","6e3223e","2026-09-03T12:23:27+09:00","unknown <kikim77777@gmail.com>","Merge pull request #285 from E-R-Butch/feat/q4q-f9360zcsaizf1","Companion Payload Repository","CVE-2026-43499, CVE-2024-36971","Samsung Galaxy devices","Exynos & Snapdragon","Android 13, 14, 15","5.10, 5.15, 6.1","Locked / Unlocked","Precompiled ELF payloads, selinux rules, and kernel modules","280+ device-specific payload configs","Cloned (Verified)","False","False","0","False","Native binary payloads; must not be executed during archival"
"Root-My-Galaxy-SM-S918B","device-specific-projects","https://github.com/soumarcelino/Root-My-Galaxy-SM-S918B","C:\Users\Admin\Videos\Github\Speed Lock\repositories\device-specific-projects\Root-My-Galaxy-SM-S918B","repositories\device-specific-projects\Root-My-Galaxy-SM-S918B","main","362416498212658e17f72f05e64259b85998d75b","3624164","2026-09-30T08:52:46-03:00","soumarcelino <marcelinomatiasdesouza@gmail.com>","feat(zzi8): add deterministic pre-mutation payload path","Device-Specific Port","CVE-2026-43499, Kernel primitives","Samsung Galaxy S23 Ultra (SM-S918B, SM-S918N, dm3q)","Snapdragon 8 Gen 2 for Galaxy (SM8550-AC)","One UI 9 Beta 2 (S918BXXUAZZI8) / Android 16","5.15 GKI","Locked Bootloader","Per-boot runtime root via BOPE engine (2-second execution) + KernelSU Next v3.4.0","Verified on SM-S918B running S918BXXUAZZI8 One UI 9 Beta 2","Cloned (Verified)","False","False","0","False","Tied strictly to exact firmware builds"
"root-my-nothing","device-specific-projects","https://github.com/ang3lo-azevedo/root-my-nothing","C:\Users\Admin\Videos\Github\Speed Lock\repositories\device-specific-projects\root-my-nothing","repositories\device-specific-projects\root-my-nothing","spacewar","4bb51c4cfca6b0f7df1e7815d3f405eac2fda438","4bb51c4","2026-08-07T23:51:25+01:00","Angelo Azevedo <ang3lo@azevedos.eu.org>","feat: use NDot font if available, fallback to DotGothic16","Device-Specific Port","CVE-2026-43499","Nothing Phone (1) [spacewar], Nothing Phone (2)","Snapdragon 778G+ / 8+ Gen 1","Nothing OS 2.5 / 2.6 (Android 14)","5.4 / 5.10 / 5.15","Locked Bootloader","Per-boot runtime root","Custom Nothing UI integration; verified on Nothing Phone (1) spacewar branch","Cloned (Verified)","False","False","0","False","None"
"Root-My-Pixel","device-specific-projects","https://github.com/alex193a/Root-My-Pixel","C:\Users\Admin\Videos\Github\Speed Lock\repositories\device-specific-projects\Root-My-Pixel","repositories\device-specific-projects\Root-My-Pixel","main","03a6f7642bf0972e36c338829a02ba61d149105b","03a6f76","2026-09-12T15:30:35+02:00","Alessandro Paluzzi <8174240+alex193a@users.noreply.github.com>","Update README.md","Original Project (Toolkit)","CVE-2026-43499, Logic Flaws","Google Pixel 6 through Pixel 9 Pro","Google Tensor G1, G2, G3, G4","Android 13, 14, 15","5.10, 5.15, 6.1","Locked bootloader supported (temporary root), Unlocked for permanent","Temporary root shell / APatch / Magisk boot image integration","Maintained by Alessandro Paluzzi; active community issue tracking","Cloned (Verified)","False","True","1","False","Submodule Root-My-Pixel-Payloads present and initialized"
"Root-My-Pixel-Payloads","device-specific-projects","https://github.com/alex193a/Root-My-Pixel-Payloads","C:\Users\Admin\Videos\Github\Speed Lock\repositories\device-specific-projects\Root-My-Pixel-Payloads","repositories\device-specific-projects\Root-My-Pixel-Payloads","main","1836bb16fba9b9e5680fc374ce10e5de124520bc","1836bb1","2026-09-07T21:29:25+02:00","Alessandro Paluzzi <8174240+alex193a@users.noreply.github.com>","Add Pixel 11 family support","Companion Payload Repository","CVE-2026-43499, Kernel primitives","Google Pixel 6, 7, 8, 9, 10, 11 family","Google Tensor family","Android 14, 15, 16","5.15, 6.1, 6.6","Locked / Unlocked","Native exploit payloads and boot offsets","Verified offset tables across monthly Pixel security bulletins","Cloned (Verified)","False","False","0","False","Native code; archival only"
"smt878u-ionstack-poc","device-specific-projects","https://github.com/Wtrwx/smt878u-ionstack-poc","C:\Users\Admin\Videos\Github\Speed Lock\repositories\device-specific-projects\smt878u-ionstack-poc","repositories\device-specific-projects\smt878u-ionstack-poc","main","88f34c628ab8cec69aa944c9bf8f1cd8981186e3","88f34c6","2026-10-07T00:49:52+08:00","Wtrwx <lujialin.2004@gmail.com>","target-artifacts: publish the target ELF, symbols, config and an offset.h audit","Research PoC (Unfinished)","CVE-2026-43499","Samsung Galaxy Tab S7+ 5G (SM-T878U / gts7l)","Snapdragon 865+ (kona)","OneUI (Android 11/12)","4.19.113-27114284 (T878USQS8DXE1)","Locked Bootloader","WIP (Failed rtmutex.c:585 lock acquisition; no root landed)","Detailed negative results and RTMUTEX_WEAPONIZATION.md analysis across 470 test runs","Cloned (Verified)","False","False","0","False","Incomplete; stack-reclaim payload fails lock acquisition at rtmutex.c:585"
"DFReroot","dirtyfrag","https://github.com/polygraphene/DFReroot","C:\Users\Admin\Videos\Github\Speed Lock\repositories\dirtyfrag\DFReroot","repositories\dirtyfrag\DFReroot","main","9edc769518f721d4cd39ad16e638e322abd74c45","9edc769","2026-09-28T23:13:17+09:00","polygraphene <polygraphene@gmail.com>","Version 2.2.0","Derivative Tool","CVE-2026-43284 (DirtyFrag)","Samsung Galaxy S26 (m1q)","Snapdragon 8 Gen 4 / Exynos 2500","OneUI 8.5 (Android 16)","6.6 / 6.12","Locked Bootloader","Second-stage persistent root: persists system-UID app, then uses DirtyFrag","Tested on Galaxy S26 OneUI 8.5 build BP4A.251205.006","Cloned (Verified)","False","False","0","False","Maintainer recommends diabl0w/DFRoot as primary alternative"
"DFRoot","dirtyfrag","https://github.com/diabl0w/DFRoot","C:\Users\Admin\Videos\Github\Speed Lock\repositories\dirtyfrag\DFRoot","repositories\dirtyfrag\DFRoot","master","209867fbb4059140cf474e4fa9b2ea57575a2ce1","209867f","2026-10-08T16:34:45-04:00","diabl0w <b.lee2394@gmail.com>","Make soft reboot compatible with all KSU derivatives, inspired by @chisewaguri","Original Project (Android Tool)","CVE-2026-43284 (DirtyFrag)","Fire Max 11 (sunstone), Fire TV Stick 4K Max, Samsung Galaxy, generic Android","MediaTek, Qualcomm","Fire OS 8, Android 13, 14","5.10, 5.15, 6.1","Locked Bootloader (loads custom kernel module without unlocking)","KernelSU-compatible SU manager late-load; soft-reboot persistence","Documented Fire OS 8 build targets (RS8336-RS8338) and Galaxy S26 tests","Cloned (Verified)","False","False","0","False","Vulnerable to manufacturer mitigation or kernel > 6.1 accidental mitigations"
"Dirty-Frag-hunting","dirtyfrag","https://github.com/0xAllow/Dirty-Frag-hunting","C:\Users\Admin\Videos\Github\Speed Lock\repositories\dirtyfrag\Dirty-Frag-hunting","repositories\dirtyfrag\Dirty-Frag-hunting","main","e05b43a7e45e35c42d06e043cd6295a4931349cd","e05b43a","2026-05-22T00:12:37+02:00","blacksunCUBE <169084559+blacksunCUBE@users.noreply.github.com>","Update dirtyfrag.yar","Defensive / Purple Team Repository","CVE-2026-43284, CVE-2026-43500","Linux hosts & monitoring engines (auditd, SIEM, YARA)","All","Linux / Android server environments","All vulnerable kernel branches","Not Applicable","Not Applicable (Defensive)","6 Sigma rules, 5 YARA rules, dirtyfrag_hunt.py exposure checker","Cloned (Verified)","False","False","0","False","None"
"dirtyfrag-arm64","dirtyfrag","https://github.com/linnemanlabs/dirtyfrag-arm64","C:\Users\Admin\Videos\Github\Speed Lock\repositories\dirtyfrag\dirtyfrag-arm64","repositories\dirtyfrag\dirtyfrag-arm64","main","7f45d0bccd3bdfa478c476bd58b202441f511fc9","7f45d0b","2026-05-13T04:32:47-04:00","Keith Linneman <210238713+keithlinneman@users.noreply.github.com>","duplicate line in README","Port (AArch64 / Security Analysis)","CVE-2026-43284, CVE-2026-43500","AArch64 / ARM64 Linux, AWS Graviton","ARM64 / Graviton","Linux ARM64","linux-aws 6.17.0-1013-aws, Ubuntu 24.04.4 LTS","Not Applicable","Arbitrary file write","Tested on AWS Graviton; AppArmor userns bypass writeup included","Cloned (Verified)","False","False","0","False","None"
"DirtyFrag-Galaxy","dirtyfrag","https://github.com/coey0814/DirtyFrag-Galaxy","C:\Users\Admin\Videos\Github\Speed Lock\repositories\dirtyfrag\DirtyFrag-Galaxy","repositories\dirtyfrag\DirtyFrag-Galaxy","main","dab227d863e5a321f20e23c684e9d9ed943c8804","dab227d","2026-10-08T06:13:43+09:00","coey <46680632+coey0814@users.noreply.github.com>","Release v2.1: DeX/mirroring soft-restart fix, faster detection, KernelSU Next support","Device-Specific Port (Android App)","CVE-2026-43284","Samsung Galaxy smartphones & tablets","Exynos, Snapdragon","OneUI 6.x, OneUI 7.x, OneUI 8.x","5.15, 6.1, 6.6","Locked Bootloader","One-click temporary KernelSU / KernelSU Next late-load root; no PC/ADB required","Release v2.1 with DeX/mirroring soft-restart fixes and KernelSU Next support","Cloned (Verified)","False","False","0","False","None"
"DirtyFrag-mitschud","dirtyfrag","https://github.com/mitschud/DirtyFrag","C:\Users\Admin\Videos\Github\Speed Lock\repositories\dirtyfrag\DirtyFrag-mitschud","repositories\dirtyfrag\DirtyFrag-mitschud","master","0f4a4c0520f065d93d21a54a5c94b0fc8c620132","0f4a4c0","2026-10-09T02:22:45+02:00","mitschud <mitschud@users.noreply.github.com>","Remove unreferenced .github/icon.png","Original Project (C Implementation)","CVE-2026-43284 (DirtyFrag)","Linux Kernel / Android GKI","x86_64, arm64","Linux / Android 14+","Linux 5.10 - 6.12 (xfrm-ESP vulnerable range)","Not Applicable (Kernel LPE)","Page cache overwrite (arbitrary file write as root)","Full exploit chain documentation & kernel commit references","Cloned (Verified)","False","False","0","False","Name disambiguated from V4bel/dirtyfrag on Windows filesystem"
"dirtyfrag-rs","dirtyfrag","https://github.com/t0asts/dirtyfrag-rs","C:\Users\Admin\Videos\Github\Speed Lock\repositories\dirtyfrag\dirtyfrag-rs","repositories\dirtyfrag\dirtyfrag-rs","main","dc908c03b0545b736cd36f7b0968ef95d0c8c748","dc908c0","2026-05-08T00:12:13-04:00","t0asts <11411551+t0asts@users.noreply.github.com>","Init","Port (Rust)","CVE-2026-43284","Linux x86_64 (Ubuntu, OpenSUSE, Fedora)","x86_64","Linux OS","5.x, 6.x","Not Applicable","Arbitrary file write","GIF demos on Ubuntu, OpenSUSE, Fedora musl build","Cloned (Verified)","False","False","0","False","None"
"dirtyfrag-V4bel","dirtyfrag","https://github.com/V4bel/dirtyfrag","C:\Users\Admin\Videos\Github\Speed Lock\repositories\dirtyfrag\dirtyfrag-V4bel","repositories\dirtyfrag\dirtyfrag-V4bel","master","aab16fcada27142dd8ce8704906cf6736cf213b8","aab16fc","2026-05-11T02:29:16+09:00","V4bel <imv4bel@gmail.com>","update","Original Research (Reference PoC)","CVE-2026-43284, CVE-2026-43500","Linux Kernel (x86_64 / arm64)","x86_64, aarch64","Linux / Android Kernel subsystem","Upstream Linux prior to f4c50a4034e6 & aa54b1d27fe0","Not Applicable (Kernel LPE)","Page cache overwrite (deterministic, zero race condition)","Original vulnerability disclosure by Hyunwoo Kim (@v4bel); writeup & timeline","Cloned (Verified)","False","False","0","False","Name disambiguated from mitschud/DirtyFrag on Windows filesystem"
"DirtyInit","dirtyfrag","https://github.com/combeng6th/DirtyInit","C:\Users\Admin\Videos\Github\Speed Lock\repositories\dirtyfrag\DirtyInit","repositories\dirtyfrag\DirtyInit","main","3409c35e723c73c527f395548a653966148e8f88","3409c35","2026-09-19T19:29:26-04:00","combeng6th <74266746+combeng6th@users.noreply.github.com>","Delete DirtyInitFS.apk","Original Project (Android Tool)","CVE-2026-43284 (DirtyFrag)","Samsung Galaxy series (Note 20 Ultra through S26 Ultra)","Snapdragon & Exynos","OneUI 3.0 through OneUI 8.0","Linux 4.19 through 6.6","Locked Bootloader","Runtime root in u:r:init:s0 namespace via IpSecManager + libbase.so LogMessage hijack; ADB socket relay","Detailed writeup explaining init namespace restrictions and OverlayFS limitations","Cloned (Verified)","False","False","0","False","Init lacks execute_no_trans; cannot execute third-party binaries directly"
"GhostLock","ghostlock-ionstack","https://github.com/R0rt1z2/GhostLock","C:\Users\Admin\Videos\Github\Speed Lock\repositories\ghostlock-ionstack\GhostLock","repositories\ghostlock-ionstack\GhostLock","5.10","2752d2e5aef40c5007f23f36ce89ee29e1a6a4bc","2752d2e","2026-08-21T19:22:17+02:00","R0rt1z2 <roger@r0rt1z2.com>","Add versioning support","Port / Derivative","CVE-2026-43499","Amazon Fire Max 11 (sunstone), Fire TV Stick 4K Max 2nd Gen (karat)","MediaTek MT8188J / MT7921","Fire OS 8 (Android 11/12 base)","Linux 5.10 (8.3.1.9 to 8.3.3.8 builds)","Locked Bootloader","Temporary runtime root","Maintainer build table covering 11 specific OS build increments & kernel hashes","Cloned (Verified)","False","False","0","False","None"
"ghostlock-a17","ghostlock-ionstack","https://github.com/mobilehackinglab/ghostlock-a17","C:\Users\Admin\Videos\Github\Speed Lock\repositories\ghostlock-ionstack\ghostlock-a17","repositories\ghostlock-ionstack\ghostlock-a17","main","eddefdda015cef713df4753d2665cb4a52f5b65d","eddefdd","2026-08-21T22:24:38+02:00","Arno-MHL <arno@mobilehackinglab.com>","Updated with newer fimrware A17 version","Device-Specific Port","CVE-2026-43499","Samsung Galaxy A17 (SM-A175F)","MediaTek Helio G99 / Dimensity","Android 16","GKI 6.12","Locked Bootloader","Per-boot root shell daemon (g4d / g4sh via Usermode Helper); non-persistent across reboot","Verified by MobileHackingLab maintainer; full writeup, dmesg offsets & UMH root log provided","Cloned (Verified)","False","False","0","False","None; stable per-boot daemon without kernel panic"
"ghostlock-app","ghostlock-ionstack","https://github.com/YuKongA/ghostlock-app","C:\Users\Admin\Videos\Github\Speed Lock\repositories\ghostlock-ionstack\ghostlock-app","repositories\ghostlock-ionstack\ghostlock-app","main","3d4306c1abcf7b17a6e89ca5bc75721f873125c5","3d4306c","2026-10-07T14:02:04-04:00","Nick Ji <72794669+NickJi2019@users.noreply.github.com>","Merge pull request #335 from yourbestregard/main","Original Project (Framework/App)","CVE-2026-43499","Multi-device GKI kernels (5.10, 5.15, 6.1, 6.6, 6.12)","Qualcomm, MediaTek, Tensor, Exynos","Android 14, 15, 16","5.10, 5.15, 6.1, 6.6, 6.12","Locked Bootloader (Jailbreak / Runtime root)","Per-boot runtime root via KernelSU / ReSukiSU / KowSU / ksud late-load","Extensive multi-OEM HOCON kernel profiles; Shizuku integration verified","Cloned (Verified)","False","False","0","False","Requires Shizuku / adb shell service to execute without app seccomp limits"
"IonStackQuest3","ghostlock-ionstack","https://github.com/F-19-F/IonStackQuest3","C:\Users\Admin\Videos\Github\Speed Lock\repositories\ghostlock-ionstack\IonStackQuest3","repositories\ghostlock-ionstack\IonStackQuest3","main","81faf7942576fd826bb097fb2b4fae76e090a103","81faf79","2026-08-06T21:16:05+08:00","F-19-F <58457605+F-19-F@users.noreply.github.com>","update README.md","Device-Specific Port / Framework","CVE-2026-43499","Meta Quest 3, Meta Quest 3S","Snapdragon XR2 Gen 2 (SM8550-VR)","Meta Horizon OS (Android 12/14 base)","Linux 5.10.240-g69827d40d782","Locked Bootloader","Per-boot runtime root; patched in incremental 52345320040100520","Device verified on Meta Quest 3; includes gen_ionstack_config.py for vmlinux symbol extraction","Cloned (Verified)","False","False","0","False","Meta patch deployed in firmware build 52345320040100520"
"CVE-2026-43499-popsicle","kernel-research","https://github.com/x-spy/CVE-2026-43499-popsicle","C:\Users\Admin\Videos\Github\Speed Lock\repositories\kernel-research\CVE-2026-43499-popsicle","repositories\kernel-research\CVE-2026-43499-popsicle","main","2765ac6c5d9be686bc6cd07ad8c998d1c2e67012","2765ac6","2026-07-16T06:46:59+08:00","Mako (XSpy) <127767602+x-spy@users.noreply.github.com>","Merge pull request #3 from Dere3046/xbl-detect","Vulnerability Research & PoC","CVE-2026-43499","Xiaomi 17 Pro Max (popsicle), Xiaomi 17 Pro, Xiaomi 17 Ultra","Snapdragon 8 Gen 4 / 8 Elite","Xiaomi HyperOS 2.0 (Android 16)","6.12.23-android16-5-g75e9b1c7ae7c-abogki463945075-4k","Stock Bootloader (Target generation from boot.img / xbl_config.img)","Kernel memory exploitation","generate_target.py target offset generator and xbl-detect PR merged","Cloned (Verified)","False","False","0","False","Requires boot.img & xbl_config.img disassembly for target offsets"
"CyberMeowfia","kernel-research","https://github.com/NebuSec/CyberMeowfia","C:\Users\Admin\Videos\Github\Speed Lock\repositories\kernel-research\CyberMeowfia","repositories\kernel-research\CyberMeowfia","main","94ae8ab301b2ec9f36bdd66321b6e11209ae60d1","94ae8ab","2026-09-07T19:40:50-07:00","GhostFrankWu <FrankssWu@outlook.com>","Merge branch 'main' of github.com:NebuSec/CyberMeowfia","Upstream Vulnerability Research","CVE-2026-43499, CVE-2026-7899, IonStack","V8, Android Linux Kernel, Ion subsystem","Qualcomm, MediaTek, ARM","Android 14, 15, 16","5.10, 5.15, 6.1, 6.6, 6.12","Upstream Research Foundation","Vulnerability writeups & bug lists (1000+ entries)","Nebula Security research publications and proof-of-concepts","Cloned (Verified)","False","False","0","False","None"
"awesome-android-root","reference-catalogues","https://github.com/awesome-android-root/awesome-android-root","C:\Users\Admin\Videos\Github\Speed Lock\repositories\reference-catalogues\awesome-android-root","repositories\reference-catalogues\awesome-android-root","main","887470caa768f42b08fcbbbdc96a6622f7609ebe","887470c","2026-10-08T11:53:54+05:00","fynks <75840152+fynks@users.noreply.github.com>","Added link for traffic","Reference Catalogue & Directory","Not Applicable (Tooling catalogue)","Universal Android ecosystem","All","Android 5.0 through Android 16","All","Guide references for locked and unlocked devices","650+ root tools (Magisk, KernelSU, APatch, LSPosed)","Live web portal and verified community module links","Cloned (Verified)","False","False","0","False","None"
"awesome-android-root-exploits","reference-catalogues","https://github.com/DuncanParSky/awesome-android-root-exploits","C:\Users\Admin\Videos\Github\Speed Lock\repositories\reference-catalogues\awesome-android-root-exploits","repositories\reference-catalogues\awesome-android-root-exploits","main","e0d9dd00b4c58ebe006253c1dce60e24930a084e","e0d9dd0","2026-07-26T15:40:08+10:00","Duncan <109585628+DuncanParSky@users.noreply.github.com>","add more exploits 2","Reference Catalogue","Historical (CVE-2014-3153, CVE-2015-3636, CVE-2016-5195, CVE-2019-2215, etc.)","Comprehensive historical Android devices (Android 2.2 to 14+)","All historical architectures (arm, arm64, x86)","Android 2.2 through Android 14","2.6 through 6.x","Locked and unlocked bypass catalog","Catalogue documentation","Extensive reference links to XDA, GitHub, and academic whitepapers","Cloned (Verified)","False","False","0","False","None"
"lspromise","root-management-apps","https://github.com/lsposed/lspromise","C:\Users\Admin\Videos\Github\Speed Lock\repositories\root-management-apps\lspromise","repositories\root-management-apps\lspromise","master","0258165d91aa72451dcd8406934ba3fc34f52c14","0258165","2026-09-09T08:47:18+08:00","µ«ïΘí╡ <a1364259@163.com>","Add README.md","Original Exploit Chain (Zero Memory Corruption)","Android 17 Telecom 0-day + Kernel 1-day","Google Pixel 10 (official Android 17 release); incompatible with Pixel 6a (6.1.xxx-android14)","Google Tensor G5","Android 17 (Initial official release)","6.6, 6.12","Stock Locked Bootloader","Per-boot KernelSU loader with 100% deterministic success (no race condition / heap spray)","Video demo (VID_20260804_231937_915.mp4) and technical writeup for InCallController.java logic flaw","Cloned (Verified)","False","False","0","False","Requires reboot if re-running after previous kernel execution"
"UniRoot","root-management-apps","https://github.com/kuuky29/UniRoot","C:\Users\Admin\Videos\Github\Speed Lock\repositories\root-management-apps\UniRoot","repositories\root-management-apps\UniRoot","main","6d646d4dc916f666be170481afd640d9954136ce","6d646d4","2026-09-30T19:23:22+02:00","kuuky <kuuky29@users.noreply.github.com>","V5.0.0 ΓÇö New exploit (DirtyFrag, unprivileged), in-app ksud updater (Next + classic, Samsung KDP+DEFEX kos), ksud profiles + delete, boot auto-root foreground service, progress UI, Already root state","Original Project (Android App)","CVE-2026-43284, CVE-2026-43499","Samsung Galaxy series (S22 through S26, tablets)","Snapdragon & Exynos","OneUI 4.x through OneUI 8.x","5.10, 5.15, 6.1, 6.6, 6.12","Locked Bootloader (zero bootloader unlock required)","One-tap runtime root with boot service auto-re-root; patches ksud on-device with KDP+DEFEX bypass LKMs","Release V5 with IpSecManager SA allocator, progress UI, and live su probe","Cloned (Verified)","False","False","0","False","None"
